nickname,profileUrl,productName
yoonbomida,link.inpock.co.kr/yoonbomida,블루필 3종(사운드팝/넥쿨러/제트 파우치팬)
pig__su,https://link.inpock.co.kr/pig__su,블루필 3종(사운드팝/넥쿨러/제트 파우치팬)
ju_twins,link.inpock.co.kr/ju0205,블루필 3종(사운드팝/넥쿨러/제트 파우치팬)
bella_haus_,link.inpock.co.kr/bebe_seolah,블루필 3종(사운드팝/넥쿨러/제트 파우치팬)
bbokbok_mom,link.inpock.co.kr/bbok_mommy,블루필 3종(사운드팝/넥쿨러/제트 파우치팬)
jewel_y.s,link.inpock.co.kr/yeseo,블루필 3종(사운드팝/넥쿨러/제트 파우치팬)
honeybrread,link.inpock.co.kr/honeybrread,블루필 3종(사운드팝/넥쿨러/제트 파우치팬)
leesoo_bubu,link.inpock.co.kr/leesoobubu,블루필 3종(사운드팝/넥쿨러/제트 파우치팬)
yulniverze,link.inpock.co.kr/heesohada,블루필 3종(사운드팝/넥쿨러/제트 파우치팬)
s2_saaaarang,inpk.link/s2_saaaarang,블루필 3종(사운드팝/넥쿨러/제트 파우치팬)
_bliss_nani,link.inpock.co.kr/_bliss_nani,블루필 3종(사운드팝/넥쿨러/제트 파우치팬)
bada_ummaya,link.inpock.co.kr/jy___ohhh,블루필 3종(사운드팝/넥쿨러/제트 파우치팬)
riwoo_house,link.inpock.co.kr/riwoo_house,블루필 3종(사운드팝/넥쿨러/제트 파우치팬)
lily.sun2025,inpk.link/lily.sun2025,블루필 3종(사운드팝/넥쿨러/제트 파우치팬)
twohong2ne,inpk.link/twohong2ne,블루필 3종(사운드팝/넥쿨러/제트 파우치팬)
wankong_mom,link.inpock.co.kr/wankongmom,블루필 3종(사운드팝/넥쿨러/제트 파우치팬)